Datetime,Water Level (m)
2026-04-28 12:00:00,-0.6398724
2026-04-28 13:00:00,-0.7441967
2026-04-28 14:00:00,-0.3983669
2026-04-28 15:00:00,0.03269275
2026-04-28 16:00:00,0.4456445
2026-04-28 17:00:00,0.8930668
2026-04-28 18:00:00,1.2173147
2026-04-28 19:00:00,1.280159
2026-04-28 20:00:00,1.0326768
2026-04-28 21:00:00,0.5772855
2026-04-28 22:00:00,0.07441023
2026-04-28 23:00:00,-0.46477026
2026-04-29 00:00:00,-0.93654704
2026-04-29 01:00:00,-1.1409225
2026-04-29 02:00:00,-0.66903704
2026-04-29 03:00:00,-0.18824051
2026-04-29 04:00:00,0.3049714
2026-04-29 05:00:00,0.76977986
2026-04-29 06:00:00,1.1823094
2026-04-29 07:00:00,1.4070151
2026-04-29 08:00:00,1.3115627
2026-04-29 09:00:00,0.95228827
2026-04-29 10:00:00,0.4426699
2026-04-29 11:00:00,-0.07206858
2026-04-29 12:00:00,-0.5805526
2026-04-29 13:00:00,-0.9479272
2026-04-29 14:00:00,-0.83290017
2026-04-29 15:00:00,-0.3380178
2026-04-29 16:00:00,0.12260135
2026-04-29 17:00:00,0.5585146
2026-04-29 18:00:00,0.9940707
2026-04-29 19:00:00,1.2379522
2026-04-29 20:00:00,1.1925994
2026-04-29 21:00:00,0.86489576
2026-04-29 22:00:00,0.3622601
2026-04-29 23:00:00,-0.17636056
2026-04-30 00:00:00,-0.7027389
2026-04-30 01:00:00,-1.1266823
2026-04-30 02:00:00,-1.0131329
2026-04-30 03:00:00,-0.45406502
2026-04-30 04:00:00,0.06656732
2026-04-30 05:00:00,0.56081295
2026-04-30 06:00:00,1.0391966
2026-04-30 07:00:00,1.3929304
2026-04-30 08:00:00,1.4837838
2026-04-30 09:00:00,1.2612661
2026-04-30 10:00:00,0.81368285
2026-04-30 11:00:00,0.29252845
2026-04-30 12:00:00,-0.26389918
2026-04-30 13:00:00,-0.75497586
2026-04-30 14:00:00,-1.0574176
2026-04-30 15:00:00,-0.6599889
2026-04-30 16:00:00,-0.18640612
2026-04-30 17:00:00,0.28204927
2026-04-30 18:00:00,0.73340714
2026-04-30 19:00:00,1.0739163
2026-04-30 20:00:00,1.1904337
2026-04-30 21:00:00,0.9779452
2026-04-30 22:00:00,0.55836946
2026-04-30 23:00:00,0.063352965
2026-05-01 00:00:00,-0.44334984
2026-05-01 01:00:00,-0.931738
2026-05-01 02:00:00,-1.2258068
2026-05-01 03:00:00,-0.82211226
2026-05-01 04:00:00,-0.26259235
2026-05-01 05:00:00,0.28726292
2026-05-01 06:00:00,0.7536036
2026-05-01 07:00:00,1.2085618
2026-05-01 08:00:00,1.4634864
2026-05-01 09:00:00,1.3966913
2026-05-01 10:00:00,1.0274819
2026-05-01 11:00:00,0.5046027
2026-05-01 12:00:00,-0.0465685
2026-05-01 13:00:00,-0.59294623
2026-05-01 14:00:00,-1.0270941
2026-05-01 15:00:00,-0.9395585
2026-05-01 16:00:00,-0.42090648
2026-05-01 17:00:00,0.052895308
2026-05-01 18:00:00,0.5032263
2026-05-01 19:00:00,0.93204397
2026-05-01 20:00:00,1.2260745
2026-05-01 21:00:00,1.2654876
2026-05-01 22:00:00,0.9816346
2026-05-01 23:00:00,0.50042164
2026-05-02 00:00:00,-0.025813725
2026-05-02 01:00:00,-0.5815564
2026-05-02 02:00:00,-1.0419976
2026-05-02 03:00:00,-0.9715783
2026-05-02 04:00:00,-0.38723665
2026-05-02 05:00:00,0.137529
2026-05-02 06:00:00,0.6392214
2026-05-02 07:00:00,1.1345592
2026-05-02 08:00:00,1.502634
2026-05-02 09:00:00,1.5989109
2026-05-02 10:00:00,1.3652811
2026-05-02 11:00:00,0.8963141
2026-05-02 12:00:00,0.34290484
2026-05-02 13:00:00,-0.21516088
2026-05-02 14:00:00,-0.7325913
2026-05-02 15:00:00,-1.0439062
2026-05-02 16:00:00,-0.68218976
2026-05-02 17:00:00,-0.21555142
2026-05-02 18:00:00,0.24713747
2026-05-02 19:00:00,0.6519224
2026-05-02 20:00:00,1.0368907
2026-05-02 21:00:00,1.1896918
2026-05-02 22:00:00,1.0086259
2026-05-02 23:00:00,0.59652764
2026-05-03 00:00:00,0.098547146
2026-05-03 01:00:00,-0.44753718
2026-05-03 02:00:00,-0.9252868
2026-05-03 03:00:00,-1.1822383
2026-05-03 04:00:00,-0.70553446
2026-05-03 05:00:00,-0.17858088
2026-05-03 06:00:00,0.36458555
2026-05-03 07:00:00,0.87260234
2026-05-03 08:00:00,1.3335418
2026-05-03 09:00:00,1.609213
2026-05-03 10:00:00,1.5292357
2026-05-03 11:00:00,1.1744397
2026-05-03 12:00:00,0.6333791
2026-05-03 13:00:00,0.09460489
2026-05-03 14:00:00,-0.45670915
2026-05-03 15:00:00,-0.90671194
2026-05-03 16:00:00,-0.9930716
2026-05-03 17:00:00,-0.51702195
2026-05-03 18:00:00,-0.052946657
2026-05-03 19:00:00,0.37262815
2026-05-03 20:00:00,0.78187966
2026-05-03 21:00:00,1.0546799
2026-05-03 22:00:00,1.0615158
2026-05-03 23:00:00,0.77197754
2026-05-04 00:00:00,0.3228897
2026-05-04 01:00:00,-0.18766737
2026-05-04 02:00:00,-0.6987513
2026-05-04 03:00:00,-1.1018686
2026-05-04 04:00:00,-0.9908305
2026-05-04 05:00:00,-0.45447832
2026-05-04 06:00:00,0.07021402
2026-05-04 07:00:00,0.55934316
2026-05-04 08:00:00,1.0388322
2026-05-04 09:00:00,1.3841469
2026-05-04 10:00:00,1.4876708
2026-05-04 11:00:00,1.2572042
2026-05-04 12:00:00,0.807235
